5541831,http://i212.photobucket.com/albums/cc111/benavern/diavik11.jpg,../images/b/benavern_diavik11.jpg
5541831,http://i212.photobucket.com/albums/cc111/benavern/diavik2.jpg,../images/b/benavern_diavik2.jpg
5541831,http://i212.photobucket.com/albums/cc111/benavern/diavikdispatch.jpg,../images/b/benavern_diavikdispatch.jpg
5541831,http://i212.photobucket.com/albums/cc111/benavern/diavik5.jpg,../images/b/benavern_diavik5.jpg
5541831,http://i212.photobucket.com/albums/cc111/benavern/diavik10.jpg,../images/b/benavern_diavik10.jpg
5541831,http://i212.photobucket.com/albums/cc111/benavern/diavikhaultruck.jpg,../images/b/benavern_diavikhaultruck.jpg
5541831,http://i212.photobucket.com/albums/cc111/benavern/diaviksign.jpg,../images/b/benavern_diaviksign.jpg
5535683,http://i99.photobucket.com/albums/l320/fredosf/Charity%20%20ride/L1010762.jpg,../images/f/fredosf_Charity%20%20ride_L1010762.jpg
5541831,http://i212.photobucket.com/albums/cc111/benavern/diavik8.jpg,../images/b/benavern_diavik8.jpg
5541831,http://i212.photobucket.com/albums/cc111/benavern/diavik7.jpg,../images/b/benavern_diavik7.jpg
5541831,http://i212.photobucket.com/albums/cc111/benavern/diavikexitramp.jpg,../images/b/benavern_diavikexitramp.jpg
5541831,http://i212.photobucket.com/albums/cc111/benavern/diavik6.jpg,../images/b/benavern_diavik6.jpg
5541831,http://i212.photobucket.com/albums/cc111/benavern/diavik9.jpg,../images/b/benavern_diavik9.jpg
5535683,http://i99.photobucket.com/albums/l320/fredosf/Charity%20%20ride/L1010754.jpg,../images/f/fredosf_Charity%20%20ride_L1010754.jpg
5535683,http://i99.photobucket.com/albums/l320/fredosf/Charity%20%20ride/L1010772.jpg,../images/f/fredosf_Charity%20%20ride_L1010772.jpg
5535683,http://i99.photobucket.com/albums/l320/fredosf/Charity%20%20ride/L1010767.jpg,../images/f/fredosf_Charity%20%20ride_L1010767.jpg
5541831,http://i212.photobucket.com/albums/cc111/benavern/diavik1.jpg,../images/b/benavern_diavik1.jpg
5541831,http://i212.photobucket.com/albums/cc111/benavern/diavik4.jpg,../images/b/benavern_diavik4.jpg
5541831,http://i212.photobucket.com/albums/cc111/benavern/diavikturnoff.jpg,../images/b/benavern_diavikturnoff.jpg
5541831,http://i212.photobucket.com/albums/cc111/benavern/diaviksecuritysign.jpg,../images/b/benavern_diaviksecuritysign.jpg
5541831,http://i212.photobucket.com/albums/cc111/benavern/diavik12.jpg,../images/b/benavern_diavik12.jpg
5650638,http://i155.photobucket.com/albums/s290/DARIO1_PHOTO/IMGP0166-1.jpg,../images/D/DARIO1_PHOTO_IMGP0166-1.jpg
5591991,http://i30.photobucket.com/albums/c334/PDP8PDP8/SunsetC3-1.jpg,../images/P/PDP8PDP8_SunsetC3-1.jpg
5650638,http://i155.photobucket.com/albums/s290/DARIO1_PHOTO/IMGP0121.jpg,../images/D/DARIO1_PHOTO_IMGP0121.jpg
5650638,http://i155.photobucket.com/albums/s290/DARIO1_PHOTO/Islanda010.jpg,../images/D/DARIO1_PHOTO_Islanda010.jpg
5650638,http://i155.photobucket.com/albums/s290/DARIO1_PHOTO/Islanda076.jpg,../images/D/DARIO1_PHOTO_Islanda076.jpg
5650638,http://i155.photobucket.com/albums/s290/DARIO1_PHOTO/IMGP0261.jpg,../images/D/DARIO1_PHOTO_IMGP0261.jpg
5650638,http://i155.photobucket.com/albums/s290/DARIO1_PHOTO/IMGP0297-1.jpg,../images/D/DARIO1_PHOTO_IMGP0297-1.jpg
5650638,http://i155.photobucket.com/albums/s290/DARIO1_PHOTO/IMGP0223-1.jpg,../images/D/DARIO1_PHOTO_IMGP0223-1.jpg
5650638,http://i155.photobucket.com/albums/s290/DARIO1_PHOTO/IMGP0306-1.jpg,../images/D/DARIO1_PHOTO_IMGP0306-1.jpg
5650638,http://i155.photobucket.com/albums/s290/DARIO1_PHOTO/IMGP0318-1.jpg,../images/D/DARIO1_PHOTO_IMGP0318-1.jpg
5650638,http://i155.photobucket.com/albums/s290/DARIO1_PHOTO/IMGP0212.jpg,../images/D/DARIO1_PHOTO_IMGP0212.jpg
5650638,http://i155.photobucket.com/albums/s290/DARIO1_PHOTO/IMGP0295.jpg,../images/D/DARIO1_PHOTO_IMGP0295.jpg
5650638,http://i155.photobucket.com/albums/s290/DARIO1_PHOTO/Islanda21.jpg,../images/D/DARIO1_PHOTO_Islanda21.jpg
5650638,http://i155.photobucket.com/albums/s290/DARIO1_PHOTO/IMGP0316.jpg,../images/D/DARIO1_PHOTO_IMGP0316.jpg
5650638,http://i155.photobucket.com/albums/s290/DARIO1_PHOTO/Islanda105.jpg,../images/D/DARIO1_PHOTO_Islanda105.jpg
5650638,http://i155.photobucket.com/albums/s290/DARIO1_PHOTO/Islanda048.jpg,../images/D/DARIO1_PHOTO_Islanda048.jpg
5671478,http://i22.photobucket.com/albums/b328/SportsterGirl1/baldA.jpg,../images/S/SportsterGirl1_baldA.jpg
5650638,http://i155.photobucket.com/albums/s290/DARIO1_PHOTO/Islanda020.jpg,../images/D/DARIO1_PHOTO_Islanda020.jpg
5671478,http://i22.photobucket.com/albums/b328/SportsterGirl1/meetup.jpg,../images/S/SportsterGirl1_meetup.jpg
5671478,http://i22.photobucket.com/albums/b328/SportsterGirl1/mikefixing2.jpg,../images/S/SportsterGirl1_mikefixing2.jpg
5671478,http://i22.photobucket.com/albums/b328/SportsterGirl1/mikefixing1.jpg,../images/S/SportsterGirl1_mikefixing1.jpg
5671478,http://i22.photobucket.com/albums/b328/SportsterGirl1/shannon.jpg,../images/S/SportsterGirl1_shannon.jpg
5650638,http://i155.photobucket.com/albums/s290/DARIO1_PHOTO/IMGP0180.jpg,../images/D/DARIO1_PHOTO_IMGP0180.jpg
5671478,http://i22.photobucket.com/albums/b328/SportsterGirl1/mhass.jpg,../images/S/SportsterGirl1_mhass.jpg
5671478,http://i22.photobucket.com/albums/b328/SportsterGirl1/chrisplow1.jpg,../images/S/SportsterGirl1_chrisplow1.jpg
5671478,http://i22.photobucket.com/albums/b328/SportsterGirl1/plow2.jpg,../images/S/SportsterGirl1_plow2.jpg
5671478,http://i22.photobucket.com/albums/b328/SportsterGirl1/chrisplow.jpg,../images/S/SportsterGirl1_chrisplow.jpg
5671478,http://i22.photobucket.com/albums/b328/SportsterGirl1/mike17.jpg,../images/S/SportsterGirl1_mike17.jpg
5671478,http://i22.photobucket.com/albums/b328/SportsterGirl1/chrismudJPG.jpg,../images/S/SportsterGirl1_chrismudJPG.jpg
5671478,http://i22.photobucket.com/albums/b328/SportsterGirl1/steve.jpg,../images/S/SportsterGirl1_steve.jpg
5671478,http://i22.photobucket.com/albums/b328/SportsterGirl1/lake.jpg,../images/S/SportsterGirl1_lake.jpg
5671478,http://i22.photobucket.com/albums/b328/SportsterGirl1/pond2.jpg,../images/S/SportsterGirl1_pond2.jpg
5671478,http://i22.photobucket.com/albums/b328/SportsterGirl1/pond3.jpg,../images/S/SportsterGirl1_pond3.jpg
5671478,http://i22.photobucket.com/albums/b328/SportsterGirl1/plow1.jpg,../images/S/SportsterGirl1_plow1.jpg
5694328,http://i28.photobucket.com/albums/c231/individual61/carretera%20austral/shieldbwsmall.jpg,../images/i/individual61_carretera%20austral_shieldbwsmall.jpg
5671478,http://i22.photobucket.com/albums/b328/SportsterGirl1/toolkit.jpg,../images/S/SportsterGirl1_toolkit.jpg
5694328,http://i28.photobucket.com/albums/c231/individual61/carretera%20austral%2014/IMG_9042-wmk.jpg,../images/i/individual61_carretera%20austral%2014_IMG_9042-wmk.jpg
5694328,http://i28.photobucket.com/albums/c231/individual61/carretera%20austral%2014/IMG_9035-wmk.jpg,../images/i/individual61_carretera%20austral%2014_IMG_9035-wmk.jpg
5694328,http://i28.photobucket.com/albums/c231/individual61/carretera%20austral%2014/IMG_9046-wmk.jpg,../images/i/individual61_carretera%20austral%2014_IMG_9046-wmk.jpg
5694328,http://i28.photobucket.com/albums/c231/individual61/carretera%20austral%2014/IMG_9045-wmk.jpg,../images/i/individual61_carretera%20austral%2014_IMG_9045-wmk.jpg
5694328,http://i28.photobucket.com/albums/c231/individual61/carretera%20austral%2014/IMG_9047_2-wmk.jpg,../images/i/individual61_carretera%20austral%2014_IMG_9047_2-wmk.jpg
5694328,http://i28.photobucket.com/albums/c231/individual61/carretera%20austral%2014/IMG_9056-wmk.jpg,../images/i/individual61_carretera%20austral%2014_IMG_9056-wmk.jpg
5694328,http://i28.photobucket.com/albums/c231/individual61/carretera%20austral%2014/IMG_9034-wmk.jpg,../images/i/individual61_carretera%20austral%2014_IMG_9034-wmk.jpg
5694328,http://i28.photobucket.com/albums/c231/individual61/carretera%20austral%2014/IMG_9069-wmk.jpg,../images/i/individual61_carretera%20austral%2014_IMG_9069-wmk.jpg
5710661,http://i28.photobucket.com/albums/c231/individual61/lagunillas%202/IMG_9124-wmk.jpg,../images/i/individual61_lagunillas%202_IMG_9124-wmk.jpg
5694328,http://i28.photobucket.com/albums/c231/individual61/carretera%20austral%2014/IMG_9048-wmk.jpg,../images/i/individual61_carretera%20austral%2014_IMG_9048-wmk.jpg
5694328,http://i28.photobucket.com/albums/c231/individual61/carretera%20austral%2014/image005.jpg,../images/i/individual61_carretera%20austral%2014_image005.jpg
5694328,http://i28.photobucket.com/albums/c231/individual61/carretera%20austral%2014/IMG_9057-wmk.jpg,../images/i/individual61_carretera%20austral%2014_IMG_9057-wmk.jpg
5694328,http://i28.photobucket.com/albums/c231/individual61/carretera%20austral%2014/IMG_9059-wmk.jpg,../images/i/individual61_carretera%20austral%2014_IMG_9059-wmk.jpg
5694328,http://i28.photobucket.com/albums/c231/individual61/carretera%20austral%2014/IMG_9058-wmk.jpg,../images/i/individual61_carretera%20austral%2014_IMG_9058-wmk.jpg
5710661,http://i28.photobucket.com/albums/c231/individual61/lagunillas%202/IMG_9119-wmk.jpg,../images/i/individual61_lagunillas%202_IMG_9119-wmk.jpg
5710661,http://i28.photobucket.com/albums/c231/individual61/lagunillas%202/IMG_9118-wmk.jpg,../images/i/individual61_lagunillas%202_IMG_9118-wmk.jpg
5694328,http://i28.photobucket.com/albums/c231/individual61/carretera%20austral%2014/IMG_9074-wmk.jpg,../images/i/individual61_carretera%20austral%2014_IMG_9074-wmk.jpg
5710661,http://i28.photobucket.com/albums/c231/individual61/lagunillas%202/IMG_9123-wmk.jpg,../images/i/individual61_lagunillas%202_IMG_9123-wmk.jpg
5694328,http://i28.photobucket.com/albums/c231/individual61/carretera%20austral%2014/IMG_9068-wmk.jpg,../images/i/individual61_carretera%20austral%2014_IMG_9068-wmk.jpg
5710661,http://i28.photobucket.com/albums/c231/individual61/lagunillas%202/IMG_9122-wmk.jpg,../images/i/individual61_lagunillas%202_IMG_9122-wmk.jpg
5710661,http://i28.photobucket.com/albums/c231/individual61/lagunillas%202/IMG_9133-wmk.jpg,../images/i/individual61_lagunillas%202_IMG_9133-wmk.jpg
5710661,http://i28.photobucket.com/albums/c231/individual61/lagunillas%202/IMG_9132-wmk.jpg,../images/i/individual61_lagunillas%202_IMG_9132-wmk.jpg
5710661,http://i28.photobucket.com/albums/c231/individual61/lagunillas%202/IMG_9126-wmk.jpg,../images/i/individual61_lagunillas%202_IMG_9126-wmk.jpg
5710661,http://i28.photobucket.com/albums/c231/individual61/lagunillas%202/IMG_9128-wmk.jpg,../images/i/individual61_lagunillas%202_IMG_9128-wmk.jpg
5710661,http://i28.photobucket.com/albums/c231/individual61/lagunillas%202/IMG_9130-wmk.jpg,../images/i/individual61_lagunillas%202_IMG_9130-wmk.jpg
5694328,http://i28.photobucket.com/albums/c231/individual61/carretera%20austral%2014/image006.jpg,../images/i/individual61_carretera%20austral%2014_image006.jpg
5710661,http://i28.photobucket.com/albums/c231/individual61/lagunillas%202/IMG_9146-wmk.jpg,../images/i/individual61_lagunillas%202_IMG_9146-wmk.jpg
5710661,http://i28.photobucket.com/albums/c231/individual61/lagunillas%202/IMG_9134-wmk.jpg,../images/i/individual61_lagunillas%202_IMG_9134-wmk.jpg
5710661,http://i28.photobucket.com/albums/c231/individual61/lagunillas%202/IMG_9138-wmk.jpg,../images/i/individual61_lagunillas%202_IMG_9138-wmk.jpg
5710661,http://i28.photobucket.com/albums/c231/individual61/lagunillas%202/IMG_9140-wmk.jpg,../images/i/individual61_lagunillas%202_IMG_9140-wmk.jpg
5710661,http://i28.photobucket.com/albums/c231/individual61/lagunillas%202/IMG_9139-wmk.jpg,../images/i/individual61_lagunillas%202_IMG_9139-wmk.jpg
5710661,http://i28.photobucket.com/albums/c231/individual61/lagunillas%202/IMG_9125-wmk.jpg,../images/i/individual61_lagunillas%202_IMG_9125-wmk.jpg
5710661,http://i28.photobucket.com/albums/c231/individual61/lagunillas%202/IMG_9131-wmk.jpg,../images/i/individual61_lagunillas%202_IMG_9131-wmk.jpg
5779666,http://i85.photobucket.com/albums/k45/nevgriff64/Around%20Australia%20Trip/NevaroundAussietrip058.jpg,../images/n/nevgriff64_Around%20Australia%20Trip_NevaroundAussietrip058.jpg
5779666,http://i85.photobucket.com/albums/k45/nevgriff64/Around%20Australia%20Trip/NevaroundAussietrip060.jpg,../images/n/nevgriff64_Around%20Australia%20Trip_NevaroundAussietrip060.jpg
5779666,http://i85.photobucket.com/albums/k45/nevgriff64/IMG_2713.jpg,../images/n/nevgriff64_IMG_2713.jpg
5779666,http://i85.photobucket.com/albums/k45/nevgriff64/Around%20Australia%20Trip/NevaroundAussietrip057.jpg,../images/n/nevgriff64_Around%20Australia%20Trip_NevaroundAussietrip057.jpg
5779666,http://i85.photobucket.com/albums/k45/nevgriff64/Around%20Australia%20Trip/NevaroundAussietrip061.jpg,../images/n/nevgriff64_Around%20Australia%20Trip_NevaroundAussietrip061.jpg
5779666,http://i85.photobucket.com/albums/k45/nevgriff64/Around%20Australia%20Trip/NevaroundAussietrip062.jpg,../images/n/nevgriff64_Around%20Australia%20Trip_NevaroundAussietrip062.jpg
6862266,http://i81.photobucket.com/albums/j203/Mercury264/Mountainsmith%20Tent/IMGP2983.jpg,../images/M/Mercury264_Mountainsmith%20Tent_IMGP2983.jpg
8133873,http://i212.photobucket.com/albums/cc111/benavern/D2D2jpg.jpg,../images/b/benavern_D2D2jpg.jpg
5779666,http://i85.photobucket.com/albums/k45/nevgriff64/IMG_2716.jpg,../images/n/nevgriff64_IMG_2716.jpg
5779666,http://i85.photobucket.com/albums/k45/nevgriff64/IMG_2715.jpg,../images/n/nevgriff64_IMG_2715.jpg
5779666,http://i85.photobucket.com/albums/k45/nevgriff64/IMG_2714.jpg,../images/n/nevgriff64_IMG_2714.jpg
